{
  "title":"IX Strength of Will: Normative Issues",
  "description": "lecture notes on strength of will, normative issues, Ainslie’s conditionals, Kavka’s toxin puzzle, two other puzzle cases, Bratman’s troublemaking principles, two putative solutions, Bratman’s solution, and the case of Yuri.",
  "file": "/courses/24-120-moral-psychology-spring-2009/b52335c3d12fb0fa970ec6133422878b_MIT24_120s09_lec09.pdf",
  "learning_resource_types": ["Lecture Notes"],
  "resource_type": "Document",
  "file_type": "application/pdf"}
