{"02ae0630-2958-ece7-783b-36d7d6bfc416":"/resources/mit24_120s09_lec15/data.json","06cc6221-e718-3bb4-3865-840c64291b75":"/resources/mit24_120s09_lec07/data.json","099c707c-51d9-dc2a-2c29-11fedcf1dc5d":"/resources/course-introduction/data.json","208da57c-2c8b-49da-9bb9-73b2b26ea1a2":"/resources/mit24_120s09_assn01/data.json","217f71a3-6714-4bb5-1e3f-e0ac8bbce415":"/resources/mit24_120s09_lec04/data.json","23e9721b-a7c4-2efd-a812-fa9b2afe8979":"/resources/mit24_120s09_lec20/data.json","25ff668f-12db-7dc2-0d20-6d07eb0e1166":"/resources/mit24_120s09_assn04/data.json","28f49f90-332d-0c8f-c82b-977b6e5c45ae":"/pages/syllabus/data.json","2d7d4321-14eb-b003-c7ab-36edbf8b3d86":"/resources/mit24_120s09_assn02/data.json","314ca4a7-a9bd-6a56-239c-7e7bd339b132":"/resources/mit24_120s09_assn03/data.json","3acc0d32-ac13-f71c-6589-9dffb4250788":"/resources/mit24_120s09_lec12/data.json","56245b95-d45a-27f8-891c-ae3d225011f3":"/resources/mit24_120s09_lec10/data.json","655574ab-3c71-b2e8-17ad-54c81420b640":"/resources/mit24_120s09_lec02/data.json","7084f5f9-2742-0e44-5327-e4c1fdecfc30":"/resources/mit24_120s09_lec19/data.json","724a8b31-bcc9-3c5c-6ea0-7354e9d3361b":"/resources/mit24_120s09_lec14/data.json","798421e1-78b2-a417-6f58-f8c7cbecdc43":"/resources/mit24_120s09_lec11/data.json","813629cd-9ed1-9aff-18b0-8e9ede0aec73":"/resources/mit24_120s09_lec22/data.json","9aa66263-1002-af24-183e-8cd6bb054963":"/resources/mit24_120s09_lec01/data.json","a1be5978-1e0e-b1c2-d224-31b1110815a4":"/pages/lecture-notes/data.json","a239bd64-f156-9a6d-1ecb-8f77d5259d77":"/resources/mit24_120s09_lec24/data.json","a4ddef1f-684b-a595-e12e-00439530f5a3":"/resources/mit24_120s09_lec13/data.json","a9faf2b3-b89a-fc3e-ee45-29b547b1f49e":"/resources/mit24_120s09_lec18/data.json","ade91fb3-1428-347b-3282-cb9269069ca7":"/resources/mit24_120s09_lec23/data.json","aded7c0a-00bb-eb28-d299-ef39beae6579":"/pages/calendar/data.json","b40916a2-25e9-5541-62bd-67325525315d":"/resources/mit24_120s09_lec21/data.json","b52335c3-d12f-b0fa-970e-c6133422878b":"/resources/mit24_120s09_lec09/data.json","b590af0b-91e5-3bba-2925-7273a543c415":"/pages/readings/data.json","bf4aa02f-813f-4ed9-81b1-38d353c2907b":"/resources/mit24_120s09_lec16/data.json","c6ce46fa-eee1-7ffa-cfa5-bd8c8cda0a56":"/resources/24-120s09/data.json","ca9a78c3-4e6c-4304-618a-a37aca5a5f0c":"/resources/mit24_120s09_read01/data.json","caff92fb-1437-2ab6-40b7-4d799ba130c3":"/resources/mit24_120s09_lec03/data.json","ceb5a180-6926-ee5a-a5e6-df33b23a9d34":"/resources/mit24_120s09_lec17/data.json","db9d06da-8589-eec8-4c3b-94e677f20e13":"/resources/mit24_120s09_lec08/data.json","e5985b12-544b-d7d8-f6e4-74489c4b6870":"/resources/mit24_120s09_lec26/data.json","ebdbf304-20e1-09c4-1207-8f550bf7379b":"/resources/24-120s09-th/data.json","ee091207-1cd7-d818-775a-e9a71241153d":"/resources/mit24_120s09_lec25/data.json","f05af2bf-d570-469f-08cb-4e23f9cf94a9":"/pages/assignments/data.json","fc60c3b0-9c0c-ded4-c43b-0626f55f5128":"/resources/mit24_120s09_lec05/data.json","ff24c06b-8f13-56d9-04c9-d353b79dfd4d":"/resources/mit24_120s09_lec06/data.json"}