{
  "title":"X Strength of Will: More Normative Issues",
  "description": "Lecture notes on two versions of the linking principle and a principle linking them, a counterexample to strong link, the rationality of strong resolution, explaining what is right about the no-regret consition, and paradoxes.",
  "file": "/courses/24-120-moral-psychology-spring-2009/56245b95d45a27f8891cae3d225011f3_MIT24_120s09_lec10.pdf",
  "learning_resource_types": ["Lecture Notes"],
  "resource_type": "Document",
  "file_type": "application/pdf"}
