<?xml version="1.0" encoding="utf-8" standalone="yes"?>
<rss version="2.0" xmlns:atom="http://www.w3.org/2005/Atom">
  <channel>
    <title>Lecture Notes on MIT OpenCourseWare</title>
    <link>/resources/lecture-notes/</link>
    <description>Recent content in Lecture Notes on MIT OpenCourseWare</description>
    <generator>Hugo -- gohugo.io</generator>
    <language>en-us</language><atom:link href="/resources/lecture-notes/index.xml" rel="self" type="application/rss+xml" />
    <item>
      <title>I Egoism</title>
      <link>/resources/mit24_120s09_lec01/data.json</link>
      <pubDate>Mon, 01 Jan 0001 00:00:00 +0000</pubDate>
      
      <guid>/resources/mit24_120s09_lec01/data.json</guid>
      <description>Lecture notes on psychological egoism.</description>
    </item>
    
    <item>
      <title>II Egoism: Empirical and Quasi-Empirical Issues</title>
      <link>/resources/mit24_120s09_lec02/data.json</link>
      <pubDate>Mon, 01 Jan 0001 00:00:00 +0000</pubDate>
      
      <guid>/resources/mit24_120s09_lec02/data.json</guid>
      <description>Lecture notes on psychological egoism, arguments from unconscious motives, arguments from evolutionary biology, and empirical work.</description>
    </item>
    
    <item>
      <title>III Belief/Desire Psychology &amp; The Humean Theory of Motivation </title>
      <link>/resources/mit24_120s09_lec03/data.json</link>
      <pubDate>Mon, 01 Jan 0001 00:00:00 +0000</pubDate>
      
      <guid>/resources/mit24_120s09_lec03/data.json</guid>
      <description>III Belief/Desire Psychology &amp;amp; The Humean Theory of Motivation
Lecture notes on belief/desire psychology and the Humean theory of motivation.</description>
    </item>
    
    <item>
      <title>IV Bratman on Intention</title>
      <link>/resources/mit24_120s09_lec04/data.json</link>
      <pubDate>Mon, 01 Jan 0001 00:00:00 +0000</pubDate>
      
      <guid>/resources/mit24_120s09_lec04/data.json</guid>
      <description>Lecture notes on intention, Michael Bratman, the functional benefits of intention, desires, believes, action, and the Humean theory of motivation.</description>
    </item>
    
    <item>
      <title>IX Strength of Will: Normative Issues</title>
      <link>/resources/mit24_120s09_lec09/data.json</link>
      <pubDate>Mon, 01 Jan 0001 00:00:00 +0000</pubDate>
      
      <guid>/resources/mit24_120s09_lec09/data.json</guid>
      <description>lecture notes on strength of will, normative issues, Ainslie’s conditionals, Kavka’s toxin puzzle, two other puzzle cases, Bratman’s troublemaking principles, two putative solutions, Bratman’s solution, and the case of Yuri.</description>
    </item>
    
    <item>
      <title>Lecture Notes</title>
      <link>/pages/lecture-notes/data.json</link>
      <pubDate>Mon, 01 Jan 0001 00:00:00 +0000</pubDate>
      
      <guid>/pages/lecture-notes/data.json</guid>
      <description>Notes for Ses #25 are unavailable.
SES # TOPICS I. Egoism 1 Egoism (PDF) 2 Egoism: empirical and quasi-empirical issues (PDF) II. Beliefs, desires, and intentions 3 Belief/desire psychology and the Humean theory of motivation (PDF) 4 Bratman on intention (PDF) III. Reducing intentions 5 Velleman on intention (PDF) IV. Akrasia and weakness of will 6 Akrasia (PDF) 7 Akrasia and desire (PDF) V. Strength of will 8 Strength of will: descriptive issues (PDF) 9 Strength of will: normative issues (PDF 1) (PDF 2) VI.</description>
    </item>
    
    <item>
      <title>V Velleman on Intention</title>
      <link>/resources/mit24_120s09_lec05/data.json</link>
      <pubDate>Mon, 01 Jan 0001 00:00:00 +0000</pubDate>
      
      <guid>/resources/mit24_120s09_lec05/data.json</guid>
      <description>Lecture notes on intention as belief, motivation by desire, Langton’s worries, and keeping a belief requirement without equating intention with belief.</description>
    </item>
    
    <item>
      <title>VI Akrasia</title>
      <link>/resources/mit24_120s09_lec06/data.json</link>
      <pubDate>Mon, 01 Jan 0001 00:00:00 +0000</pubDate>
      
      <guid>/resources/mit24_120s09_lec06/data.json</guid>
      <description>Lecture notes on akrasia, weakness of will, Socrates&amp;rsquo;s position, Davidson&amp;rsquo;s presentation on the problem, and Davidson&amp;rsquo;s solution.</description>
    </item>
    
    <item>
      <title>VII Akrasia &amp; Desire</title>
      <link>/resources/mit24_120s09_lec07/data.json</link>
      <pubDate>Mon, 01 Jan 0001 00:00:00 +0000</pubDate>
      
      <guid>/resources/mit24_120s09_lec07/data.json</guid>
      <description>Lecture notes on akrasia and desire, Watson’s criticisms of Davidson, Humberstone’s distinctions, and akrasia and weakness of will.</description>
    </item>
    
    <item>
      <title>VIII Strength of Will: Descriptive Issues</title>
      <link>/resources/mit24_120s09_lec08/data.json</link>
      <pubDate>Mon, 01 Jan 0001 00:00:00 +0000</pubDate>
      
      <guid>/resources/mit24_120s09_lec08/data.json</guid>
      <description>Lecture notes on strength of will, Ainslie&amp;rsquo;s eight marks of the will, weakness of will, the enduring self, worries, ego depletion, Mischel&amp;rsquo;s findings, and separate neural systems.</description>
    </item>
    
    <item>
      <title>X Strength of Will: More Normative Issues</title>
      <link>/resources/mit24_120s09_lec10/data.json</link>
      <pubDate>Mon, 01 Jan 0001 00:00:00 +0000</pubDate>
      
      <guid>/resources/mit24_120s09_lec10/data.json</guid>
      <description>Lecture notes on two versions of the linking principle and a principle linking them, a counterexample to strong link, the rationality of strong resolution, explaining what is right about the no-regret consition, and paradoxes.</description>
    </item>
    
    <item>
      <title>XI Addiction I</title>
      <link>/resources/mit24_120s09_lec11/data.json</link>
      <pubDate>Mon, 01 Jan 0001 00:00:00 +0000</pubDate>
      
      <guid>/resources/mit24_120s09_lec11/data.json</guid>
      <description>Lecture notes on addiction, no choice models, and rational choice models.</description>
    </item>
    
    <item>
      <title>XII Addiction II</title>
      <link>/resources/mit24_120s09_lec12/data.json</link>
      <pubDate>Mon, 01 Jan 0001 00:00:00 +0000</pubDate>
      
      <guid>/resources/mit24_120s09_lec12/data.json</guid>
      <description>Lecture notes on irrational choice models, and models for addiction from Kent C. Barridge, George Ainslie, and Gary Watson.</description>
    </item>
    
    <item>
      <title>XIII Free Will I</title>
      <link>/resources/mit24_120s09_lec13/data.json</link>
      <pubDate>Mon, 01 Jan 0001 00:00:00 +0000</pubDate>
      
      <guid>/resources/mit24_120s09_lec13/data.json</guid>
      <description>Lecture notes on the problems, phenomenology, and responsibility of free will, a first argument for compatibilism: Hobbes’ solution, and Frankfurt’s account of freedom.</description>
    </item>
    
    <item>
      <title>XIV Free Will II</title>
      <link>/resources/mit24_120s09_lec14/data.json</link>
      <pubDate>Mon, 01 Jan 0001 00:00:00 +0000</pubDate>
      
      <guid>/resources/mit24_120s09_lec14/data.json</guid>
      <description>Lecture notes on free will, Frankfurt on alternative possibilities, Locke, the flicker strategy, and dispositions.</description>
    </item>
    
    <item>
      <title>XIX Identification</title>
      <link>/resources/mit24_120s09_lec19/data.json</link>
      <pubDate>Mon, 01 Jan 0001 00:00:00 +0000</pubDate>
      
      <guid>/resources/mit24_120s09_lec19/data.json</guid>
      <description>Lecture notes on identification, Frankfurt, Harry G., wholeheartedness, and T. M. Scanlon.</description>
    </item>
    
    <item>
      <title>XV Free Will III: Strawsonshe</title>
      <link>/resources/mit24_120s09_lec15/data.json</link>
      <pubDate>Mon, 01 Jan 0001 00:00:00 +0000</pubDate>
      
      <guid>/resources/mit24_120s09_lec15/data.json</guid>
      <description>Lecture notes on free will, responsibility, and the limits of evil.</description>
    </item>
    
    <item>
      <title>XVI Free Will IV: Libertarianism </title>
      <link>/resources/mit24_120s09_lec16/data.json</link>
      <pubDate>Mon, 01 Jan 0001 00:00:00 +0000</pubDate>
      
      <guid>/resources/mit24_120s09_lec16/data.json</guid>
      <description>Lecture notes on Robert Kane&amp;rsquo;s libertarianism.</description>
    </item>
    
    <item>
      <title>XVII Free Will V: Choice</title>
      <link>/resources/mit24_120s09_lec17/data.json</link>
      <pubDate>Mon, 01 Jan 0001 00:00:00 +0000</pubDate>
      
      <guid>/resources/mit24_120s09_lec17/data.json</guid>
      <description>Lecture notes on aspects of free will, the phenomenology of freedom, standard compatibilist accounts, the need for choice, and judgement.</description>
    </item>
    
    <item>
      <title>XVIII Free Will VI: Empirical Work</title>
      <link>/resources/mit24_120s09_lec18/data.json</link>
      <pubDate>Mon, 01 Jan 0001 00:00:00 +0000</pubDate>
      
      <guid>/resources/mit24_120s09_lec18/data.json</guid>
      <description>Lecture notes on free will, Daniel M. Wegner, and Benjamin Libet.</description>
    </item>
    
    <item>
      <title>XX Self-Determination Theory</title>
      <link>/resources/mit24_120s09_lec20/data.json</link>
      <pubDate>Mon, 01 Jan 0001 00:00:00 +0000</pubDate>
      
      <guid>/resources/mit24_120s09_lec20/data.json</guid>
      <description>Lecture notes on self-determination theory, fundamental motivations, and the work of Edward Deci and Richard Ryan.</description>
    </item>
    
    <item>
      <title>XXI Self-Deception</title>
      <link>/resources/mit24_120s09_lec21/data.json</link>
      <pubDate>Mon, 01 Jan 0001 00:00:00 +0000</pubDate>
      
      <guid>/resources/mit24_120s09_lec21/data.json</guid>
      <description>Lecture notes on empirical findings on self-deception, deception by others, the divided self, and Alfred R. Mele on self-deception.</description>
    </item>
    
    <item>
      <title>XXII The Metaethical Implications of Empirical Work</title>
      <link>/resources/mit24_120s09_lec22/data.json</link>
      <pubDate>Mon, 01 Jan 0001 00:00:00 +0000</pubDate>
      
      <guid>/resources/mit24_120s09_lec22/data.json</guid>
      <description>Lecture notes on meta-ethics, judgments and motivation, a mathematical model for ethics, a linguistic model for ethics, the Protagorean position, and empirical work.</description>
    </item>
    
    <item>
      <title>XXIII Moral Judgement and Motivation</title>
      <link>/resources/mit24_120s09_lec23/data.json</link>
      <pubDate>Mon, 01 Jan 0001 00:00:00 +0000</pubDate>
      
      <guid>/resources/mit24_120s09_lec23/data.json</guid>
      <description>Lecture notes on moral judgement and motivation, the moral/conventional distinction, and Nichols’ sentimental rules account.</description>
    </item>
    
    <item>
      <title>XXIV Autism and Sociopathy</title>
      <link>/resources/mit24_120s09_lec24/data.json</link>
      <pubDate>Mon, 01 Jan 0001 00:00:00 +0000</pubDate>
      
      <guid>/resources/mit24_120s09_lec24/data.json</guid>
      <description>Lecture notes on autism and sociopathy.</description>
    </item>
    
    <item>
      <title>XXV Character and Morals</title>
      <link>/resources/mit24_120s09_lec25/data.json</link>
      <pubDate>Mon, 01 Jan 0001 00:00:00 +0000</pubDate>
      
      <guid>/resources/mit24_120s09_lec25/data.json</guid>
      <description>Lecture notes on character and morals, normative ethical theories, John M. Doris on virtue, and three responses to Doris.</description>
    </item>
    
    <item>
      <title>XXVI Character and Morals</title>
      <link>/resources/mit24_120s09_lec26/data.json</link>
      <pubDate>Mon, 01 Jan 0001 00:00:00 +0000</pubDate>
      
      <guid>/resources/mit24_120s09_lec26/data.json</guid>
      <description>Lecture notes on character and morals, normative ethical theories, John M. Doris on virtue, and three responses to Doris.</description>
    </item>
    
  </channel>
</rss>
